,R通道一阶矩,R通道二阶矩,R通道三阶矩,G通道一阶矩,G通道二阶矩,G通道三阶矩,B通道一阶矩,B通道二阶矩,B通道三阶矩,序号,类别
0,0.5827596078431371,0.014247359608877807,0.0022891069186844206,0.5436847058823528,0.016189530955901345,0.002584274744213356,0.25242627450980387,0.041172728179138036,0.0064878046305705,1,1
1,0.6418701960784313,0.015428821768899611,0.0023962667381552385,0.5707725490196077,0.011137939084204261,0.001746093294728166,0.21357176470588243,0.01373549403501765,0.002187508644088877,10,1
2,0.6036980392156862,0.008728068356716927,0.0014228240170705867,0.5767976470588233,0.007101877891700195,0.0011561519406564466,0.28219647058823527,0.012300422431895408,0.0019649637482311985,11,1
3,0.5896956862745096,0.007989726429118146,0.001278321425426095,0.5937184313725489,0.005967020422135751,0.0009791105518753322,0.2522211764705882,0.010698403650856647,0.0017074878255300388,12,1
4,0.5911298039215686,0.007524210202887696,0.00121597889566989,0.5920682352941176,0.006530429456107717,0.0010539675136044622,0.2534133333333333,0.012199611013520042,0.0019477485602662366,13,1
5,0.5887690196078431,0.007580278333138105,0.0010737527725651417,0.5696807843137254,0.005039259998279263,0.0007009245029635729,0.31889137254901956,0.008496529549120923,0.0012282112950585504,14,1
6,0.5885066666666665,0.007370891928915958,0.001037327594227914,0.5732462745098037,0.0051346905139799896,0.0007247292446824775,0.28833215686274505,0.011888621856314768,0.0016894045980831477,15,1
7,0.6181298039215685,0.008625709619271105,0.0012133355438284739,0.5396976470588235,0.006167089782547793,0.000864093849219342,0.2745164705882353,0.014640900671479405,0.0021367579011505973,16,1
8,0.6184709803921568,0.008899505569684864,0.0012477811262014784,0.5392243137254902,0.005844578266843772,0.000828966014810603,0.27356352941176465,0.014155110591695481,0.0021314501856899122,17,1
9,0.6642725490196077,0.011002351815975834,0.0015158373525587527,0.5763349019607842,0.007727184884294105,0.0010714566418395962,0.2937407843137254,0.019135593302182407,0.002635085820095069,18,1
10,0.7006882352941175,0.00841832072319291,0.0011807067827239483,0.6013188235294117,0.007144579639402172,0.0009905957928415246,0.2931541176470588,0.013291937764479424,0.0018463234007467734,19,1
11,0.5638513725490195,0.00980487806314494,0.0015639156372954308,0.5349698039215687,0.007857203768344402,0.0012740193321688733,0.2718482352941176,0.011868474591099286,0.0018983130402147003,2,1
12,0.6221266666666666,0.010103007123682351,0.0014347596323777512,0.5485329411764704,0.005808026092364014,0.0008076612351163738,0.2662662745098039,0.012039583305366466,0.0016890594337660646,20,1
13,0.6117235294117646,0.009844613396071407,0.0013648398294381712,0.5284458823529411,0.006851459976255288,0.0009439659570905548,0.23851921568627454,0.014816814663431302,0.0020091298394446597,21,1
14,0.6242564705882351,0.008197510748287022,0.0011561558989570428,0.5682819607843136,0.004641617381742357,0.0006503246716328816,0.3227976470588235,0.011135722374537187,0.0015959485388836884,22,1
15,0.6926525490196078,0.008949104706508818,0.0012235661546866523,0.6643772549019608,0.005705279342841492,0.0007922431691627504,0.27967960784313717,0.012108560023232195,0.0017347723989275794,23,1
16,0.5677764705882351,0.007843442150936434,0.001108777463285323,0.5853799999999999,0.006054691642694941,0.0008436030939140613,0.25152156862745095,0.01307309824531437,0.0018328669963788582,24,1
17,0.5498545098039215,0.007528567752940233,0.0010500731776026105,0.5832866666666667,0.005379712399179491,0.0007464884030877039,0.2946247058823529,0.012215533005049862,0.001654731462896993,25,1
18,0.562758431372549,0.007089246465992967,0.0010006655791347805,0.5647199999999999,0.005079887806902707,0.0007121015947802362,0.28865019607843134,0.012088998662346207,0.0016276050088552126,26,1
19,0.6636094117647059,0.007998677168602326,0.0012791943982482267,0.6233298039215684,0.005877526372801367,0.0009647218991538965,0.21158509803921574,0.013753641919561476,0.002164742939697485,27,1
20,0.6685494117647058,0.007316226234927817,0.0011981453122115382,0.6202117647058821,0.006355463067592871,0.0010408258079292639,0.22181411764705886,0.010865562910523912,0.0017415763610006518,28,1
21,0.5773866666666666,0.02025368940432177,0.002714116454735555,0.5396678431372548,0.014892414852739554,0.001957113668742865,0.2811435294117647,0.012350070902143281,0.0017360361540920718,29,1
22,0.630289019607843,0.00781166067140741,0.0012588285258854468,0.5942568627450979,0.005916423878573705,0.000971118442723981,0.2984635294117646,0.01019433828287836,0.0016163058719562244,3,1
23,0.6396894117647058,0.011384312617778721,0.0015646454358682958,0.5952074509803921,0.0087848140526282,0.001217165685238335,0.24014392156862746,0.01518739694329184,0.00205277291431735,30,1
24,0.5580376470588234,0.013125742594103932,0.0018077697152281678,0.5354235294117646,0.008485381961688895,0.0011838568818294995,0.265858431372549,0.014398632293328868,0.0019856821926942858,31,1
25,0.6205435294117646,0.014450791517109806,0.002792205927891828,0.5922854901960783,0.0108566728692579,0.002116161449823562,0.22025137254901966,0.010264305058001815,0.0020906572743517845,32,1
26,0.6134235294117645,0.013817323596577922,0.0026925018433014906,0.5828713725490194,0.01084363233986582,0.0021243331321364497,0.2243003921568628,0.01093333645595927,0.00220399723260976,33,1
27,0.6037074509803919,0.010799361223936332,0.0021696237691391524,0.6080137254901958,0.0066421784964556365,0.0013383216776289898,0.25410431372549014,0.010506458671586845,0.0021220779028850384,34,1
28,0.6034258823529409,0.009992402373319014,0.002004816645642656,0.6023290196078429,0.006622672357743218,0.0013458428719718245,0.2388,0.010979806707081643,0.002230331873468032,35,1
29,0.6342341176470587,0.007596350638425973,0.0015561121205448193,0.5574133333333331,0.005924408927961762,0.001200512043558771,0.18165254901960784,0.010237999822674778,0.0020746855636193163,36,1
30,0.5748180392156862,0.007779370228585522,0.0010830233992650835,0.5618439215686274,0.004862732384550094,0.0006860158154389752,0.2565992156862745,0.011165584075326095,0.001559486243100204,37,1
31,0.6415050980392156,0.00831703371101118,0.0011354590435836863,0.6197541176470586,0.005444782355793543,0.0007597199420842539,0.333118431372549,0.008898934408257014,0.0013006582683232168,38,1
32,0.5563788235294117,0.00731934540953933,0.0010044230532034106,0.5754345098039215,0.005192486157438876,0.0007287920539190711,0.2850976470588235,0.01010794487691518,0.001418817513158611,39,1
33,0.6385823529411764,0.008226903054709474,0.0013155316206795492,0.6192643137254901,0.006072895948860807,0.001003071361079033,0.319672156862745,0.009838160635530589,0.0015582375566134718,4,1
34,0.5854788235294116,0.007995415439534694,0.001112727392800865,0.565510588235294,0.005299043402025248,0.0007405835524587252,0.2558733333333333,0.010699592140465838,0.0014921372699115676,40,1
35,0.5820329411764704,0.006921697982460662,0.0009910886841768562,0.5714345098039214,0.004958001792682197,0.0006958177820223015,0.28028627450980387,0.01035477627823968,0.0015218273483120397,41,1
36,0.6065756862745096,0.009100187170379952,0.0014698521461722074,0.5462243137254902,0.006694654239495131,0.00109130735252151,0.2971396078431372,0.009711070619647301,0.001575717702214997,42,1
37,0.6065756862745096,0.009100187170379952,0.0014698521461722074,0.5462243137254902,0.006694654239495131,0.00109130735252151,0.2971396078431372,0.009711070619647301,0.001575717702214997,43,1
38,0.6079411764705881,0.008409341942792182,0.001366707539705362,0.5723145098039214,0.006580321998270509,0.0010812079519028474,0.25749294117647054,0.010595041755647855,0.001733050669729063,44,1
39,0.59188,0.008854425767428151,0.0014289716015236105,0.5351156862745097,0.006308157025597277,0.001035946908745832,0.2646411764705882,0.010364615929220247,0.0017048115703002663,45,1
40,0.6077207843137253,0.008444428159194332,0.0013543005351445113,0.54926431372549,0.006310322112796114,0.0010366213099699396,0.2695129411764705,0.009416350484122331,0.001559417072791034,46,1
41,0.5991576470588235,0.008734858121642767,0.001248670687041638,0.57552431372549,0.005448686652401959,0.0007614652662860826,0.25337411764705886,0.011006559744125302,0.0015564645689644335,47,1
42,0.6402317647058823,0.008286458420608803,0.0011597228201890417,0.6231117647058821,0.005379497081553437,0.0007519787249072435,0.29654235294117637,0.0164748851117805,0.0022528687551658494,48,1
43,0.6447909803921568,0.009698150305017758,0.001371524716765857,0.6233329411764704,0.005997551711178333,0.0008420322089815678,0.2847694117647059,0.011098868922078547,0.001573019119434943,49,1
44,0.5980376470588233,0.010504534704860968,0.0016983357561130166,0.5181576470588234,0.007540074109063223,0.0012128027085754158,0.2786345098039215,0.010611823224915818,0.0017081538178816587,5,1
45,0.599215294117647,0.008680106684649738,0.001206352425995677,0.5619647058823528,0.005534275430145888,0.0007716982643959624,0.2677662745098039,0.011738779170300183,0.0016570210277919858,50,1
46,0.5614843137254901,0.009642305340922445,0.0019757876810733957,0.5760294117647058,0.006877456221260582,0.0013965278280078002,0.23666431372549024,0.011205617062373593,0.0022623375616795103,51,1
47,0.6509666666666667,0.008817067568500144,0.0014208550373463792,0.5768482352941176,0.006679832800583609,0.0010807368557079415,0.3360435294117647,0.009429134943074154,0.0015306052033224422,6,1
48,0.6084803921568626,0.009077303745663803,0.0014635220140002817,0.5681321568627449,0.006682505187900179,0.0011051071370284393,0.2549105882352941,0.010787660913712246,0.001752623792666183,7,1
49,0.613465882352941,0.008942567452861696,0.0014483776470128051,0.5671356862745097,0.006784309010538981,0.001111699161753461,0.26728745098039214,0.012682404543530654,0.0020040425990933424,8,1
50,0.609175294117647,0.008256093165415297,0.0013223219059477244,0.5558568627450979,0.006199685906890635,0.0010234136539536472,0.23208313725490198,0.010268795417347506,0.0016378470579266097,9,1
51,0.49510313725490196,0.011403708705567919,0.002386263093258993,0.5393411764705882,0.00988684616184889,0.0023339597301518917,0.4161305882352942,0.014839219370517305,0.0030367323592770702,1,2
52,0.571032156862745,0.008743590620102775,0.0014124690690363736,0.5624388235294117,0.00631007127231898,0.0010336267724609526,0.421324705882353,0.009180601684503256,0.0014927352505013903,10,2
53,0.49542156862745096,0.010552695438005627,0.0015297391446407547,0.48760823529411773,0.008665186627239507,0.001312396576619244,0.2701011764705882,0.016433466271211422,0.002379773218230779,11,2
54,0.5472125490196078,0.008802382816748848,0.0014320521610827472,0.5030862745098038,0.0068282956083515105,0.0011071387266869267,0.2883243137254901,0.00961727005317326,0.0015608038630084968,12,2
55,0.4711407843137255,0.019116931988637932,0.003839298685868976,0.49110901960784314,0.017114133529759344,0.0034216370569915633,0.321196862745098,0.02711543182365842,0.0054771909871458345,13,2
56,0.45618627450980404,0.013122581064512208,0.00264653212674037,0.4807098039215687,0.010005026802691146,0.002038934878052589,0.3270203921568627,0.011898031434588431,0.002427083243635483,14,2
57,0.49992941176470584,0.009431414128969525,0.0013184742064388248,0.4878788235294118,0.0055021399353109126,0.0007664949696410087,0.34258470588235285,0.011032193768530592,0.001548241331636571,15,2
58,0.5593203921568627,0.036102921592050384,0.004673570751455752,0.5432086274509804,0.032125156238690056,0.004123328327358327,0.35971607843137254,0.04072892132779791,0.005295676547828422,16,2
59,0.5551964705882352,0.0076356475843941465,0.001043297356890621,0.5707933333333332,0.00499729216949511,0.000702636525822144,0.316175294117647,0.008825402772806934,0.0012568622615224316,17,2
60,0.5556211764705882,0.006615913428693203,0.0009363586104342795,0.5791701960784312,0.005109648079726688,0.0007152290411181914,0.3311682352941176,0.010862451748003344,0.0014985461259171364,18,2
61,0.5512729411764705,0.007184539383389888,0.0010058630903916619,0.5711768627450979,0.0049815808215603365,0.0006961754735287254,0.3164286274509804,0.009360124269261846,0.001319266344750035,19,2
62,0.46517411764705896,0.01385437728426076,0.0032910093407805723,0.5086509803921568,0.012797998209483179,0.0031861103135076467,0.3610474509803921,0.019858011006981605,0.00454541077413231,2,2
63,0.4792658823529412,0.008491003140557002,0.0014033203324413995,0.5281505882352941,0.006967793698123364,0.0011634402022345125,0.33443607843137246,0.0119164892171881,0.001911511072443901,20,2
64,0.4849717647058824,0.00845045097290795,0.0011890852453780522,0.5060066666666667,0.006259657802277587,0.0008769830479105387,0.34706941176470585,0.009548027254471668,0.0013790705952030303,21,2
65,0.4849666666666667,0.009057446419390975,0.0012486125906633872,0.5278266666666667,0.006455028660038787,0.000893042789340385,0.3828701960784314,0.009723278045377105,0.0013696527248337933,22,2
66,0.46274705882352946,0.008426081102908243,0.0011805257419383061,0.48251254901960783,0.0065536481354373805,0.0009114905652134915,0.3245094117647058,0.009771987197837211,0.0014002034520063705,23,2
67,0.44778392156862756,0.007775900021586774,0.001085507635352048,0.48060313725490195,0.005872809984708653,0.0008242813693547578,0.32259882352941177,0.009576088950337455,0.0013546052304618387,24,2
68,0.5495596078431372,0.011769893437993178,0.0016367567916482299,0.5414901960784313,0.008954067075117202,0.0012422482542803455,0.3115603921568627,0.013073997890398299,0.0017897521780418882,25,2
69,0.4701325490196079,0.02211121362420908,0.004371936182716505,0.4841823529411765,0.020796251750968435,0.004057648301531234,0.28358627450980395,0.018800880880325832,0.0036872932333972073,26,2
70,0.5597301960784312,0.014242663549175402,0.0028244126990764093,0.5695831372549018,0.010879586512881477,0.002145157258305155,0.3305560784313725,0.008269446234342635,0.001701360888869544,27,2
71,0.5433933333333333,0.010089591676951679,0.0020563635001107938,0.5470380392156862,0.0071234211009506485,0.0014457456446873207,0.306258431372549,0.010247609741836968,0.0020738662560266827,28,2
72,0.552541568627451,0.010489969863787777,0.0021098062383639957,0.5526129411764705,0.008340775740072064,0.0016633493882757752,0.32702627450980387,0.014683785286049283,0.0029426434827966312,29,2
73,0.49194117647058827,0.010500123578116081,0.001856777773315218,0.5463501960784313,0.008322736062332216,0.0016157682045235607,0.42577058823529423,0.012256823535622555,0.002138848754690719,3,2
74,0.5384035294117647,0.006774343336679512,0.0009654898076015048,0.5622929411764706,0.004703440395826578,0.0006579980409330749,0.30025176470588233,0.009107735164728622,0.0013106275862577147,30,2
75,0.5404933333333334,0.007192048195556861,0.0010024795233528946,0.5613176470588235,0.005331464493794975,0.0007452886208450113,0.29147294117647055,0.00997327042026922,0.0014105774168160065,31,2
76,0.5438772549019607,0.0074561306348935735,0.0010392045682827177,0.5653513725490195,0.005309211366710587,0.0007442428227777592,0.2961474509803921,0.010692363971054485,0.0015076535528387928,32,2
77,0.5370764705882353,0.006470504752877971,0.000918118640150454,0.5688733333333332,0.005002373462042639,0.0007031598206214135,0.3636278431372549,0.008145665381885546,0.001153828478421491,33,2
78,0.5423043137254902,0.007039501048342263,0.0009840358636467048,0.5671949019607841,0.005029487688147632,0.0007040497952392384,0.3234913725490196,0.010886931317418531,0.001508440981847086,34,2
79,0.5454407843137254,0.0072735967293360146,0.0009989238829970172,0.5738599999999998,0.0049844718661758245,0.0007040848269920432,0.3541345098039215,0.009751626416265088,0.0013533448268350636,35,2
80,0.5379996078431372,0.010551598190570007,0.002100158628736033,0.5475396078431373,0.008272901284042821,0.0016644548850598521,0.3142341176470587,0.009216335321324534,0.0018991539554588511,36,2
81,0.5373607843137255,0.009699261754647076,0.0019464865482761563,0.5389898039215686,0.007921066029483963,0.0015865762888926569,0.31405725490196074,0.008661113330368777,0.0017815891286618848,37,2
82,0.5373117647058824,0.009682455188907303,0.0015483857642219364,0.5042760784313725,0.009190393192245154,0.0014738666654511875,0.3238980392156862,0.010385690922241703,0.0017164833832380457,38,2
83,0.5373117647058824,0.009682455188907303,0.0015483857642219364,0.5042760784313725,0.009190393192245154,0.0014738666654511875,0.3238980392156862,0.010385690922241703,0.0017164833832380457,39,2
84,0.5115329411764705,0.008373359183835982,0.001364934143865746,0.554207450980392,0.005986317334772927,0.0009811821390577297,0.3910839215686275,0.00963552877047539,0.0015881547987262076,4,2
85,0.5325294117647058,0.010335974659631857,0.0020836294851772122,0.533623137254902,0.007343537819907926,0.0014702451028299872,0.2892117647058823,0.0085802622135911,0.0017359713706013185,40,2
86,0.5403443137254903,0.0082375077883805,0.00173024840299273,0.5410427450980392,0.0060485504505513,0.0012419461537643425,0.2965145098039215,0.00923796602621067,0.0018575504984802852,41,2
87,0.5632333333333333,0.008155259787820578,0.001168907476392676,0.5234823529411765,0.006042341946114237,0.0008335810358828826,0.299852156862745,0.014167330175112649,0.0019367520427936448,42,2
88,0.5202486274509803,0.007832836804798847,0.0011100685723261458,0.4940121568627451,0.00510493709812917,0.0007203957958430005,0.2812121568627451,0.012144128175169598,0.0016976349911098049,43,2
89,0.5476988235294118,0.008533864747005591,0.001161883570444959,0.5447172549019607,0.00495930628217915,0.0006931719008744507,0.3767592156862746,0.01330827116320244,0.0018032176098850188,44,2
90,0.48399411764705885,0.008977187329508975,0.0014602671945839855,0.5254592156862744,0.006953503610177194,0.0011334393374459657,0.3799086274509804,0.014615879936847294,0.0023330946922204645,5,2
91,0.49207490196078435,0.010337007338819048,0.001675481231420028,0.5428094117647059,0.007535343904975001,0.0012275487596169544,0.42838784313725503,0.013022694407343915,0.002078336585853517,6,2
92,0.5695486274509802,0.008777940606532423,0.00140444532385983,0.5564596078431371,0.006899545210092687,0.0011136803017378408,0.3450329411764705,0.011256831453109097,0.0017917882283049159,7,2
93,0.5624858823529411,0.009318187405933775,0.0014869711191539074,0.5398992156862745,0.007615338444430546,0.0012271553309576354,0.3269419607843137,0.010860516484065276,0.0017572670033482074,8,2
94,0.611156862745098,0.007307782898261291,0.0012033314625101977,0.60936431372549,0.005755272513707411,0.0009423967466640518,0.40402235294117655,0.008243356940040103,0.0013207649384166667,9,2
95,0.5107407843137255,0.012383980170351918,0.0017002927865188725,0.4895568627450981,0.01077927226189055,0.001487174670085295,0.1861827450980392,0.011852776521342926,0.0016445744224572133,1,3
96,0.5544192156862744,0.008273716521773063,0.001335238585786461,0.5443917647058824,0.006931603002520026,0.0011292519258544,0.24578901960784313,0.00975513631406344,0.001583700747795472,10,3
97,0.5504274509803921,0.008212591489737974,0.0013336789140034131,0.5374737254901961,0.0077995715139752815,0.001265151143282294,0.22897254901960787,0.01168960078994231,0.0018566102006410956,11,3
98,0.5534341176470587,0.010577990330445007,0.0017078458202015243,0.4929780392156863,0.009311187798759085,0.0015346955391334351,0.2320858823529412,0.01854856874218867,0.0030491292843025015,12,3
99,0.5805486274509802,0.008089377687594348,0.001306758058553063,0.5203580392156862,0.006228760061449977,0.001029680454982096,0.23104705882352947,0.011034956166348527,0.0018178057280309006,13,3
100,0.5259996078431372,0.015754374719389008,0.0024924968449044705,0.49298313725490195,0.012898685745604469,0.002036501075399566,0.21440745098039218,0.027034646428187595,0.004378608110471113,14,3
101,0.5715827450980391,0.009553738850756317,0.001539535111715212,0.500801568627451,0.007333669531980964,0.0011896325367669307,0.27011607843137253,0.011088198949334516,0.0017791007629203545,15,3
102,0.5847799999999999,0.009222077708553066,0.0015007187464553542,0.531118431372549,0.007437760160253942,0.0012481792717272437,0.2124482352941177,0.0111432733738361,0.0018175172353552195,16,3
103,0.5340788235294118,0.008834034696101114,0.0014357252246050439,0.4967105882352941,0.006739184092300158,0.001104516818313499,0.20069372549019612,0.01119702711546815,0.0017855679013955856,17,3
104,0.563436862745098,0.008471934388313692,0.0013660065292763009,0.5365149019607843,0.006290289361686665,0.001032898639887388,0.17194313725490193,0.011208299878178203,0.001792634861828444,18,3
105,0.5169466666666667,0.008907143727425057,0.0014327170214602349,0.4994027450980392,0.0070140241896192715,0.001147770781581663,0.16662666666666665,0.011865383573051488,0.001887973508084788,19,3
106,0.5330760784313726,0.011056665510482264,0.0015497612376152918,0.5067811764705882,0.007883881775451018,0.0010799311673760216,0.18598117647058826,0.012906909450851205,0.0017971186719087653,2,3
107,0.5019058823529412,0.0084217948336394,0.0013780206490911658,0.49742588235294116,0.007067901613491305,0.001154252299945961,0.17360274509803922,0.012062441867475605,0.0019504209799622782,20,3
108,0.5452835294117646,0.008480080656185392,0.0011894855860363435,0.5134607843137254,0.005484792508912355,0.0007634510394283996,0.21391372549019616,0.011257768303450013,0.0015764702100236026,21,3
109,0.5532286274509802,0.008528061294937524,0.0012369930225512506,0.525281568627451,0.005457000146227278,0.0007623487398886476,0.2242368627450981,0.010091969117900768,0.0013976035212793368,22,3
110,0.5326239215686275,0.008590809167535839,0.0011837133155387736,0.5133098039215686,0.005379506015176532,0.0007540380352671936,0.22665098039215692,0.011524598168150236,0.0016295334599901532,23,3
111,0.5036960784313727,0.017131956712296555,0.003163689637134383,0.4893807843137255,0.01707449250631853,0.00332014491580628,0.19773607843137256,0.03656109888543943,0.007148222676841806,24,3
112,0.5237313725490196,0.007781075782347968,0.0010669664867634107,0.5110819607843138,0.00538311425738257,0.0007570142893887468,0.183481568627451,0.01328629022847879,0.0018420958355575864,25,3
113,0.5366458823529411,0.007608229129080186,0.0010684497840383756,0.5205839215686274,0.005687557380641812,0.0008049574962499678,0.19133764705882353,0.01288273243240846,0.0017744735319678911,26,3
114,0.5258682352941176,0.007857151244721566,0.0011003100382938774,0.5222999999999999,0.005202427124097518,0.0007215964706633112,0.25699529411764704,0.011584938690378261,0.0016099922203559687,27,3
115,0.5996674509803921,0.009321964537444355,0.0015055719908668337,0.539736862745098,0.007242212102662154,0.001176732622023463,0.1571149019607843,0.010474013914161487,0.0017035218224750479,28,3
116,0.5647588235294116,0.00838474819579007,0.0013615237941162774,0.5004521568627451,0.007217717009638063,0.0011764639170496428,0.09392156862745098,0.009958082079035624,0.001625132047138651,29,3
117,0.5595478431372548,0.012477175415281852,0.0016834075345901127,0.5228145098039215,0.007850747983866884,0.0010769323303499694,0.19430549019607846,0.012311668112128067,0.0017114469172286797,3,3
118,0.6323815686274508,0.008711088983604561,0.0014045982293944346,0.5756113725490195,0.0070033717259965385,0.0011433850520639413,0.13590627450980391,0.011225028873130545,0.0018163605971738598,30,3
119,0.6259615686274508,0.009247880320741543,0.0014860251774043978,0.5676317647058823,0.007309529143619471,0.0011976969030424182,0.14304588235294113,0.01316529469440844,0.002118196859151121,31,3
120,0.5234596078431373,0.009009442831314208,0.0012878905258470737,0.49056352941176473,0.00741759321610247,0.001046109179436723,0.200761568627451,0.012243013125697512,0.0017080843796822855,32,3
121,0.5140686274509803,0.011208721099272505,0.00155315597971577,0.5309803921568628,0.009326575243196852,0.0012611557380793781,0.1772313725490196,0.013443469005447326,0.0018608699726802378,33,3
122,0.5451160784313724,0.014213281116345804,0.0019464535875532273,0.5580945098039214,0.010840311790156433,0.0014837465723349377,0.2290890196078432,0.017248049757977616,0.0023510604260157672,34,3
123,0.5514050980392156,0.0074706356953873135,0.00107142268203917,0.5709223529411764,0.00540286417840182,0.0007604144369721625,0.22196117647058827,0.015623393568784978,0.0021549139407020263,35,3
124,0.5699741176470586,0.013506531627945267,0.0018430769171398844,0.5842207843137254,0.010993226609856434,0.001525607175684026,0.18898,0.010730086830901828,0.001503385587940732,36,3
125,0.5022827450980393,0.008270475356940355,0.0011657442521249323,0.4874439215686275,0.005485820048732385,0.0007771448517307453,0.22309490196078435,0.011620768744162568,0.0015998704956892867,37,3
126,0.5370098039215685,0.02214849529666045,0.002890601205014566,0.5176109803921568,0.016231559369616844,0.0020964191562871204,0.26234941176470583,0.01683587425408225,0.0022588629815414934,38,3
127,0.500566274509804,0.009777807290857555,0.0013612593718402449,0.4807360784313726,0.008873937674885203,0.0012149742202596317,0.19845294117647064,0.012843164047270362,0.0017980477123257436,39,3
128,0.544403137254902,0.010732352652799497,0.0014945939563378757,0.5223050980392157,0.007528524416666863,0.0010411591764369764,0.2637588235294117,0.011287769014950261,0.0015921212561160695,4,3
129,0.49186705882352943,0.008928214538217927,0.0013621014166032078,0.5082772549019609,0.006561272452335112,0.0011127192394848435,0.2228596078431373,0.01313931933442854,0.001856168858469058,40,3
130,0.5058431372549019,0.008436660448498579,0.0011759309054701652,0.48819686274509805,0.005490621776213251,0.0007787646288372013,0.1986109803921569,0.010444737391492404,0.0015150106865800801,41,3
131,0.5106070588235293,0.008394590960910471,0.001160853790991038,0.49241529411764706,0.005429718995124251,0.000765645082372407,0.1940101960784314,0.011220381054974868,0.00158670416563426,42,3
132,0.526098431372549,0.007804654601497333,0.0011137043565371085,0.5027047058823529,0.0052083302246818735,0.0007307965606272476,0.19190313725490196,0.013830697020923525,0.00189189202127308,43,3
133,0.48416627450980393,0.0083513634153837,0.0011522934587838154,0.5069262745098039,0.005598837634076278,0.000783827665439655,0.21134980392156869,0.011887209490917912,0.0016819106948644594,44,3
134,0.5208941176470587,0.00928444603090193,0.0019249649836362074,0.5384533333333333,0.007841576942835136,0.002008485237381055,0.24228000000000002,0.009740669716224289,0.0022061086608398486,45,3
135,0.5176392156862745,0.009354890247854557,0.0018974610194320285,0.5325250980392157,0.0073539845429677194,0.0014923617679792015,0.2429745098039216,0.010670686778482937,0.002149291469635648,46,3
136,0.4745066666666667,0.006665281701584441,0.001382586260597703,0.5234090196078431,0.005346088424063753,0.0010954370167028796,0.23904000000000006,0.01343845123900783,0.0026421069277159175,47,3
137,0.5480674509803921,0.007105562214145002,0.001464562859505205,0.5720325490196078,0.005575741258393001,0.0011352442623324827,0.1836886274509804,0.014774996616880663,0.0028919868406528087,48,3
138,0.5326262745098039,0.00918718321410092,0.0015140041582716614,0.4624380392156863,0.007259848986368982,0.001190805199715558,0.1580933333333333,0.010239071919447888,0.0016722416178590383,49,3
139,0.4934356862745098,0.009667648035139365,0.001345230859429785,0.5121713725490196,0.00799716050146056,0.0011045991134190694,0.17635882352941176,0.011930522791851564,0.0016670683543083993,5,3
140,0.5674282352941175,0.008340584029035706,0.0013732037437996373,0.5020631372549019,0.007282743387592292,0.0012086181867946844,0.18477333333333334,0.010776584866819932,0.0017279040458940136,50,3
141,0.514423137254902,0.008940532819969952,0.0012414990147638905,0.49509450980392156,0.006066971093924668,0.0008506912909255329,0.2095423529411765,0.01186269720294982,0.0016886789550464032,51,3
142,0.5292039215686275,0.008211535289040195,0.0011621938265257376,0.5153466666666666,0.005470413153428581,0.0007651523654502548,0.22858862745098044,0.011323995060453755,0.0016257449988800817,52,3
143,0.5296364705882353,0.009115953213945668,0.0012544636851591537,0.5103678431372548,0.0060197311860647,0.0008499547949060996,0.20591607843137258,0.011570372776286753,0.0016246563095577453,53,3
144,0.5046866666666667,0.012866054087765678,0.0017362413225276638,0.4902007843137255,0.010324380211854793,0.0013990040166528106,0.16810627450980387,0.012729847642133278,0.001805430173032655,54,3
145,0.5433682352941176,0.007357651604932232,0.0010640082692716282,0.5256619607843137,0.005671897389085112,0.0008050671925616396,0.15944941176470587,0.012488289225575391,0.0017402589822974536,55,3
146,0.5689607843137253,0.0095299564114508,0.0013304625027541746,0.5518349019607842,0.006831322561218259,0.0009559123955622635,0.15604941176470585,0.011494401452199637,0.0016535535187516394,56,3
147,0.5940356862745096,0.010299896185783055,0.001429024950525171,0.5667015686274509,0.006401557852977738,0.0008919536414838183,0.13739882352941177,0.012478819031209929,0.0017531849471073813,57,3
148,0.6056360784313723,0.00952227293321751,0.001329050312681611,0.5745929411764704,0.005550024934913573,0.0007759192301003352,0.14017019607843134,0.013037877826102738,0.0018209894506240854,58,3
149,0.5218196078431372,0.008312896740047255,0.0011518678701941526,0.5137321568627451,0.00562372235564759,0.0007929566815479573,0.2509019607843137,0.013467262768448268,0.0018688477630344556,59,3
150,0.4944454901960785,0.010512006675805156,0.0014618994446249879,0.48271333333333344,0.009919983125272447,0.0013528701317342363,0.19252274509803924,0.012842520631807174,0.0018070775334960555,6,3
151,0.5482007843137255,0.00868855594347702,0.001243079653824938,0.5153549019607843,0.005515153010196085,0.0007726057929583923,0.23671960784313728,0.013418280580929816,0.0018584169956225804,60,3
152,0.5420360784313725,0.009204374668246007,0.001277503535286477,0.5041545098039216,0.005525477170554778,0.0007729588542250775,0.21941176470588244,0.014827004468698389,0.0021394276516074275,61,3
153,0.5850074509803921,0.008830765129042979,0.0012342138616784077,0.5338694117647059,0.005911318371600921,0.0008315437911096278,0.2229274509803922,0.012409975864648922,0.0017227967195095903,62,3
154,0.5759741176470587,0.009232252477762347,0.0012529032262290946,0.5358635294117646,0.005482791869999677,0.0007730361963570804,0.2332294117647059,0.01287821746974327,0.0017923823620293563,63,3
155,0.5089152941176469,0.008445362256118014,0.0011915151566480916,0.4733141176470589,0.006670052185352442,0.0009313822879724116,0.2243925490196079,0.010205166379738215,0.0014401141344528878,64,3
156,0.5559694117647059,0.007609366291835459,0.0010467444321015241,0.588973725490196,0.005144648339386043,0.0007213640875352266,0.22118000000000002,0.011368612699433782,0.0015992695419538492,65,3
157,0.5156043137254901,0.00780004159138747,0.001094186118070573,0.5184439215686274,0.0061636153303716345,0.0008572148385001987,0.15814666666666666,0.01185093188503069,0.0016929053514669241,66,3
158,0.5108117647058823,0.0076406720438091,0.0010568138320877017,0.4993678431372549,0.005721210541281453,0.0007990548520590978,0.17487411764705882,0.01504184581649106,0.0020523798292394085,67,3
159,0.5594399999999998,0.007435782394821999,0.0010795530664380773,0.5417423529411765,0.005814613244391515,0.0008200639698381666,0.176121568627451,0.013018827640218642,0.0018342338083428649,68,3
160,0.552629019607843,0.007864152081831007,0.001115251760674723,0.5378882352941177,0.006679592716773688,0.000934918421525407,0.1622525490196078,0.015119782987891153,0.002094283431532936,69,3
161,0.5088176470588235,0.0129296726944714,0.0017535970816842429,0.4931678431372549,0.008502969298407336,0.00117518921492071,0.1886137254901961,0.012071673529672564,0.0017089767564586649,7,3
162,0.4954388235294118,0.007611075106906253,0.0010605309724911725,0.48568549019607843,0.005986579839743554,0.000837845463617738,0.13563019607843135,0.012605055960029638,0.0017985647093007324,70,3
163,0.5576066666666665,0.007058293999746049,0.0014589370065603193,0.5769090196078429,0.006225668683561482,0.0012722279607325251,0.09478470588235294,0.010247206642938524,0.0020816473463639647,71,3
164,0.5616258823529411,0.007563593612005215,0.0015495600411158312,0.5861050980392156,0.005886709184352976,0.0012035251170513161,0.11332549019607846,0.011039056175492303,0.00224383175925475,72,3
165,0.5431298039215686,0.007711439786158487,0.0015817014554112148,0.5566305882352941,0.005991529789588871,0.0012300203779489376,0.22424705882352947,0.012445474156882066,0.0025133752105521963,73,3
166,0.5399560784313724,0.012019946615831676,0.0024670700641680815,0.5489717647058823,0.009440357841242236,0.0019132370010724053,0.25428470588235297,0.009433981327673282,0.0019725463758462035,74,3
167,0.5713262745098038,0.009524472826464908,0.0019113932156577264,0.5388772549019608,0.006618223428785525,0.0013367313557915332,0.18365490196078432,0.00937950025269941,0.0019486343662636347,75,3
168,0.5289650980392157,0.008681405965325786,0.0012284171156433906,0.49024156862745105,0.006026553366768335,0.0008476742560225444,0.2643454901960784,0.011831415046684838,0.0016294338132238943,76,3
169,0.5884654901960783,0.008954800688084673,0.001241617343625105,0.5313905882352941,0.008463485438913555,0.0011602898426422627,0.20689568627450985,0.015220955950217014,0.0021175470434183427,77,3
170,0.5310180392156862,0.008820328691803339,0.0012319475924451383,0.48039254901960793,0.005641882145234435,0.0007901704788597703,0.1652756862745098,0.01216469571180723,0.0016888651342175094,78,3
171,0.5544192156862744,0.008273716521773063,0.001335238585786461,0.5443917647058824,0.006931603002520026,0.0011292519258544,0.24578901960784313,0.00975513631406344,0.001583700747795472,8,3
172,0.5504274509803921,0.008212591489737974,0.0013336789140034131,0.5374737254901961,0.0077995715139752815,0.001265151143282294,0.22897254901960787,0.01168960078994231,0.0018566102006410956,9,3
173,0.420364705882353,0.011316665265257018,0.0015526210166250342,0.4359529411764708,0.007306942131043642,0.001018172091609885,0.16721372549019603,0.01077221406789915,0.0015262750235845329,1,4
174,0.4603196078431373,0.010170826762456963,0.0016237095829014904,0.482224705882353,0.006270869912372668,0.001040999092590914,0.24531960784313728,0.011445881049648002,0.0018165278590803755,10,4
175,0.4098290196078432,0.013202098699564733,0.0018208146903556795,0.3853721568627452,0.00884959460773549,0.0012430874526578397,0.17007176470588234,0.012631015883344074,0.0017493169336259126,11,4
176,0.4380823529411766,0.009408560729156877,0.0013050477476244673,0.4540133333333335,0.006647553269828067,0.0009397964975140378,0.17833921568627453,0.012407813235877805,0.00170686218604341,12,4
177,0.4263898039215687,0.021671049380175052,0.002822063749760664,0.4594458823529412,0.014367459875286719,0.0018593917443705751,0.25608745098039215,0.01730372536021627,0.002324680298606568,13,4
178,0.4510800000000001,0.008598485100339552,0.0011966749152770746,0.48462705882352947,0.00559647275909831,0.0007918447999700206,0.22794666666666671,0.0115310276578715,0.0016255506211129151,14,4
179,0.46127254901960785,0.009856252297022462,0.0013737609221065744,0.46782431372549027,0.00685911047729896,0.0009531658041532695,0.12269921568627451,0.011916525707137696,0.0016591563112131665,15,4
180,0.4365792156862746,0.010085610253185568,0.0015026102258299207,0.4722098039215687,0.006908995690640369,0.0012210974675833956,0.19117058823529415,0.014019291234598562,0.00201780815331494,16,4
181,0.458687843137255,0.009095843920405366,0.001260038914580093,0.4871368627450981,0.005841352523855967,0.0008184460973212933,0.21831725490196086,0.011975492846307284,0.0017074981187795019,17,4
182,0.4355254901960786,0.009009814802954876,0.0012532898495228992,0.4760623529411765,0.006131411350730327,0.0008605897146356875,0.23629843137254902,0.013811112648981074,0.0019046317620633865,18,4
183,0.4817588235294118,0.008189553411673956,0.00113681033837286,0.47712941176470586,0.006300163244011369,0.0008768408160459522,0.20601137254901963,0.011983660277586171,0.0016444459280784071,19,4
184,0.39884862745098043,0.014474678756564118,0.0019520311485845825,0.4256145098039216,0.010454048116877425,0.0014098928363540193,0.19142509803921567,0.015702041311423054,0.002162776014827014,2,4
185,0.4859117647058823,0.007930827194707411,0.0011221302435322912,0.48596784313725494,0.006509195294014824,0.0009059691390859226,0.20240784313725493,0.012191225312705205,0.001674155892349934,20,4
186,0.487918431372549,0.008008330303400701,0.00110182282371411,0.487483137254902,0.00619013460253809,0.0008592618690154433,0.19725450980392162,0.01159442785337908,0.001639614677090657,21,4
187,0.46269333333333346,0.008108857380192536,0.001140849664700602,0.47284509803921576,0.006042906626129386,0.0008470752041209243,0.1642854901960784,0.011047072159917334,0.001545641761257272,22,4
188,0.452610980392157,0.009654636239792881,0.0013697865039291924,0.45421725490196097,0.006345329305754123,0.0008994207618389979,0.16913450980392153,0.011929938696127015,0.0016586044805357366,23,4
189,0.47843058823529416,0.0078629161978352,0.0011003949889671514,0.4868772549019608,0.0058396835562304975,0.0008179728593295531,0.1568192156862745,0.014480721671081876,0.0019929225024405786,24,4
190,0.40203921568627454,0.010598542550308315,0.0014961771905288854,0.4313968627450982,0.007290913865242705,0.0010569951452998095,0.17730470588235295,0.010845855568212954,0.0015705249908565004,3,4
191,0.48890823529411764,0.008872763242999366,0.0012218166497971544,0.4738439215686275,0.008752891945887274,0.0012123513674641116,0.18297058823529413,0.011049637228940852,0.0015643036626540846,4,4
192,0.43786117647058836,0.011545339698024966,0.001623189784482223,0.43131333333333344,0.009135211409967797,0.001243835019152958,0.18970627450980393,0.011684432010299279,0.0016302804246066242,5,4
193,0.4619054901960785,0.008206542892804604,0.001341462207018764,0.4627180392156863,0.0063817458703485,0.0010560292336812183,0.23990941176470587,0.012086708642048506,0.0019524101485784426,6,4
194,0.4791725490196079,0.008630372945476254,0.0014245382561428402,0.47824000000000005,0.007883248958925785,0.0013738441865618863,0.26150588235294114,0.021257269240864962,0.004238636836989043,7,4
195,0.4735203921568628,0.008389631936457018,0.001168619764087177,0.4535580392156864,0.0068993496732018406,0.0009552123144154945,0.2699580392156863,0.012336107739942632,0.0017301359397745367,8,4
196,0.4177603921568628,0.00910122053067719,0.0012869377624311353,0.41495294117647064,0.005845940898639701,0.0008178748702254206,0.19490470588235292,0.013321632414838596,0.0018292406289046176,9,4
197,0.2114545098039216,0.012077567571607755,0.002430182467113062,0.3354086274509804,0.013173171482412142,0.0025984283977617114,0.11201607843137258,0.008426255802621416,0.0017309279984564897,1,5
198,0.297976862745098,0.014799153726441215,0.002989018086944093,0.42748745098039226,0.012346287352084366,0.0024067987252361727,0.09789764705882353,0.008393619801020937,0.0017077769201474596,2,5
199,0.4091741176470589,0.012646318652911317,0.002549702752811978,0.4871,0.009727537537508504,0.001991817645385266,0.1782262745098039,0.014644559573634454,0.0029626474079379036,3,5
200,0.44123333333333337,0.012317590095441694,0.0024931830086963487,0.5152690196078431,0.008564906124212384,0.0017643691555540438,0.19537254901960788,0.015855266178470724,0.0032336164508431926,4,5
201,0.44364431372549024,0.013208633429618937,0.0026999336373106225,0.5259898039215686,0.009949174367164101,0.0020620221560062805,0.1896556862745098,0.015769198052785982,0.0031886802920256196,5,5
202,0.5838352941176469,0.012894697281948097,0.0025738763580859607,0.5809729411764705,0.011917031121776979,0.0023324972226595538,0.35063921568627443,0.01769189554604884,0.003543783077361162,6,5
